,No,Sales,CompPrice,Income,Advertising,Population,Price,ShelveLoc,Age,Education,Urban,US
0,1,9.5,138,73,11,276,184.6,Bad,42,17,Yes,Yes
1,2,11.22,111,48,16,260,143.2,Good,65,10,Yes,Yes
2,3,10.06,113,35,10,269,153.6,Medium,59,12,Yes,Yes
3,4,7.4,117,100,4,466,130.4,Medium,55,14,Yes,Yes
4,5,4.15,141,64,3,340,180.2,Bad,38,13,Yes,No
5,6,10.81,124,113,13,501,149.79999999999998,Bad,78,16,No,Yes
6,7,6.63,115,105,0,45,132.0,Medium,71,15,Yes,No
7,8,11.85,136,81,15,425,162.2,Good,67,10,Yes,Yes
8,9,6.54,132,110,0,108,170.4,Medium,76,10,No,No
9,10,4.69,132,113,0,131,146.4,Medium,76,17,No,Yes
10,11,9.01,121,78,9,150,151.2,Bad,26,10,No,Yes
11,12,11.96,117,94,4,503,146.4,Good,50,13,Yes,Yes
12,13,3.98,122,35,2,393,142.4,Medium,62,18,Yes,No
13,14,10.96,115,28,11,29,155.0,Good,53,18,Yes,Yes
14,15,11.17,107,117,11,148,113.4,Good,52,18,Yes,Yes
15,16,8.71,149,95,5,400,170.79999999999998,Medium,76,18,No,No
16,17,7.58,118,32,0,284,144.6,Good,63,13,Yes,No
17,18,12.29,147,74,13,251,169.4,Good,52,10,Yes,Yes
18,19,13.91,110,110,0,408,139.0,Good,46,17,No,Yes
19,20,8.73,129,76,16,58,151.79999999999998,Medium,69,12,Yes,Yes
20,21,6.41,125,90,2,367,148.0,Medium,35,18,Yes,Yes
21,22,12.13,134,29,12,239,151.79999999999998,Good,62,18,No,Yes
22,23,5.08,128,46,6,497,160.6,Medium,42,13,Yes,No
23,24,5.87,121,31,0,292,138.2,Medium,79,10,Yes,No
24,25,10.14,145,119,16,294,163.0,Bad,42,12,Yes,Yes
25,26,14.9,139,32,0,176,180.79999999999998,Good,54,11,No,No
26,27,8.33,107,115,11,496,114.4,Good,50,11,No,Yes
27,28,5.27,98,118,0,19,121.6,Medium,64,17,Yes,No
28,29,2.99,103,74,0,359,139.6,Bad,55,11,Yes,Yes
29,30,7.81,104,99,15,226,131.8,Bad,58,17,Yes,Yes
30,31,13.55,125,94,0,447,168.0,Good,30,12,Yes,No
31,32,8.25,136,58,16,241,159.2,Medium,44,18,Yes,Yes
32,33,6.2,107,32,12,236,138.4,Good,64,10,No,Yes
33,34,8.77,114,38,13,317,150.79999999999998,Good,50,16,Yes,Yes
34,35,2.67,115,54,0,406,156.0,Medium,42,17,Yes,Yes
35,36,11.07,131,84,11,29,151.2,Medium,44,17,No,Yes
36,37,8.89,122,76,0,270,154.4,Good,60,18,No,No
37,38,4.95,121,41,5,412,160.2,Medium,54,10,Yes,Yes
38,39,6.59,109,73,0,454,149.79999999999998,Medium,65,15,Yes,No
39,40,3.24,130,60,0,144,150.0,Bad,38,10,No,No
40,41,2.07,119,98,0,18,160.79999999999998,Bad,73,17,No,No
41,42,7.96,157,53,0,403,178.4,Bad,58,16,Yes,No
42,43,10.43,77,69,0,25,98.39999999999999,Medium,50,18,Yes,No
43,44,4.12,123,42,11,16,146.6,Medium,59,13,Yes,Yes
44,45,4.16,85,79,6,325,122.0,Medium,69,13,Yes,Yes
45,46,4.56,141,63,0,168,150.2,Bad,44,12,Yes,Yes
46,47,12.44,127,90,14,16,153.4,Medium,48,15,No,Yes
47,48,4.38,126,98,0,173,143.2,Bad,55,16,Yes,No
48,49,3.91,116,52,0,349,126.19999999999999,Bad,69,18,Yes,No
49,50,10.61,157,93,0,51,184.4,Good,32,17,Yes,No
50,51,1.42,99,32,18,341,125.8,Bad,80,16,Yes,Yes
51,52,4.42,121,90,0,150,147.2,Bad,75,16,Yes,No
52,53,7.91,153,40,3,112,166.6,Bad,39,18,Yes,Yes
53,54,6.92,109,64,13,39,121.79999999999998,Medium,61,17,Yes,Yes
54,55,4.9,134,103,13,25,178.79999999999998,Medium,76,17,No,Yes
55,56,6.85,143,81,5,60,173.6,Medium,61,18,Yes,Yes
56,57,11.91,133,82,0,54,177.6,Medium,50,17,Yes,No
57,58,0.91,93,91,0,22,117.6,Bad,75,11,Yes,No
58,59,5.42,103,93,15,188,111.6,Bad,74,16,Yes,Yes
59,60,5.21,118,71,4,148,134.6,Medium,80,13,Yes,No
60,61,8.32,122,102,19,469,148.4,Bad,29,13,Yes,Yes
61,62,7.32,105,32,0,358,139.0,Medium,26,13,No,No
62,63,1.82,139,45,0,146,173.79999999999998,Bad,77,17,Yes,Yes
63,64,8.47,119,88,10,170,137.79999999999998,Medium,61,13,Yes,Yes
64,65,7.8,100,67,12,184,103.0,Medium,32,16,No,Yes
65,66,4.9,122,26,0,197,141.4,Medium,55,13,No,No
66,67,8.85,127,92,0,508,171.4,Medium,56,18,Yes,No
67,68,9.01,126,61,14,152,168.2,Medium,47,16,Yes,Yes
68,69,13.39,149,69,20,366,183.79999999999998,Good,60,13,Yes,Yes
69,70,7.99,127,59,0,339,136.4,Medium,65,12,Yes,No
70,71,9.46,89,81,15,237,121.8,Good,74,12,Yes,Yes
71,72,6.5,148,51,16,148,157.6,Medium,58,17,No,Yes
72,73,5.52,115,45,0,432,150.0,Medium,25,15,Yes,No
73,74,12.61,118,90,10,54,143.6,Good,31,11,No,Yes
74,75,6.2,150,68,5,125,166.0,Medium,64,13,No,Yes
75,76,8.55,88,111,23,480,106.6,Bad,36,16,No,Yes
76,77,10.64,102,87,10,346,126.39999999999999,Medium,64,15,Yes,Yes
77,78,7.7,118,71,12,44,125.6,Medium,67,18,No,Yes
78,79,4.43,134,48,1,139,156.79999999999998,Medium,65,12,Yes,Yes
79,80,9.14,134,67,0,286,169.79999999999998,Bad,41,13,Yes,No
80,81,8.01,113,100,16,353,120.6,Bad,68,11,Yes,Yes
81,82,7.52,116,72,0,237,140.2,Good,70,13,Yes,No
82,83,11.62,151,83,4,325,177.2,Good,28,17,Yes,Yes
83,84,4.42,109,36,7,468,122.79999999999998,Bad,56,11,Yes,Yes
84,85,2.23,111,25,0,52,114.19999999999999,Bad,43,18,No,No
85,86,8.47,125,103,0,304,158.0,Medium,49,13,No,No
86,87,8.7,150,84,9,432,160.0,Medium,64,15,Yes,No
87,88,11.7,131,67,7,272,159.2,Good,54,16,No,Yes
88,89,6.56,117,42,7,144,150.4,Medium,62,10,Yes,Yes
89,90,7.95,128,66,3,493,167.6,Medium,45,16,No,No
90,91,5.33,115,22,0,491,147.0,Medium,64,11,No,No
91,92,4.81,97,46,11,267,101.39999999999999,Medium,80,15,Yes,Yes
92,93,4.53,114,113,0,97,131.79999999999998,Medium,29,12,Yes,No
93,94,8.86,145,30,0,67,168.0,Medium,55,17,Yes,No
94,95,8.39,115,97,5,134,128.0,Bad,55,11,Yes,Yes
95,96,5.58,134,25,10,237,165.79999999999998,Medium,59,13,Yes,Yes
96,97,9.48,147,42,10,407,157.4,Good,73,16,No,Yes
97,98,7.45,161,82,5,287,178.2,Bad,33,16,Yes,Yes
98,99,12.49,122,77,24,382,136.4,Good,36,16,No,Yes
99,100,4.88,121,47,3,220,160.2,Bad,56,16,No,Yes
100,101,4.11,113,69,11,94,148.6,Medium,76,12,No,Yes
101,102,6.2,128,93,0,89,170.6,Medium,34,18,Yes,No
102,103,5.3,113,22,0,57,120.6,Medium,65,16,No,No
103,104,5.07,123,91,0,334,161.6,Bad,78,17,Yes,Yes
104,105,4.62,121,96,0,472,153.2,Medium,51,12,Yes,No
105,106,5.55,104,100,8,398,134.8,Medium,61,11,Yes,Yes
106,107,0.16,102,33,0,217,108.39999999999999,Medium,70,18,No,No
107,108,8.55,134,107,0,104,143.79999999999998,Medium,60,12,Yes,No
108,109,3.47,107,79,2,488,109.4,Bad,65,16,Yes,No
109,110,8.98,115,65,0,217,122.0,Medium,60,17,No,No
110,111,9.0,128,62,7,125,143.6,Medium,43,14,Yes,Yes
111,112,6.62,132,118,12,272,153.4,Medium,43,14,Yes,Yes
112,113,6.67,116,99,5,298,125.19999999999999,Good,62,12,Yes,Yes
113,114,6.01,131,29,11,335,160.2,Bad,33,12,Yes,Yes
114,115,9.31,122,87,9,17,138.4,Medium,65,13,Yes,Yes
115,116,8.54,139,35,0,95,166.79999999999998,Medium,42,13,Yes,No
116,117,5.08,135,75,0,202,177.0,Medium,80,10,No,No
117,118,8.8,145,53,0,507,183.0,Medium,41,12,Yes,No
118,119,7.57,112,88,2,243,122.4,Medium,62,11,Yes,Yes
119,120,7.37,130,94,8,137,175.0,Medium,64,12,Yes,Yes
120,121,6.87,128,105,11,249,144.6,Medium,63,13,Yes,Yes
121,122,11.67,125,89,10,380,168.0,Bad,28,10,Yes,Yes
122,123,6.88,119,100,5,45,161.79999999999998,Medium,75,10,Yes,Yes
123,124,8.19,127,103,0,125,149.4,Good,29,15,No,Yes
124,125,8.87,131,113,0,181,158.2,Good,63,14,Yes,No
125,126,9.34,89,78,0,181,110.8,Medium,43,15,No,No
126,127,11.27,153,68,2,60,199.6,Good,59,16,Yes,Yes
127,128,6.52,125,48,3,192,136.0,Medium,51,14,Yes,Yes
128,129,4.96,133,100,3,350,163.6,Bad,55,13,Yes,Yes
129,130,4.47,143,120,7,279,185.6,Bad,40,10,No,Yes
130,131,8.41,94,84,13,497,131.8,Medium,51,12,Yes,Yes
131,132,6.5,108,69,3,208,115.6,Medium,77,16,Yes,No
132,133,9.54,125,87,9,232,166.0,Good,72,10,Yes,Yes
133,134,7.62,132,98,2,265,139.4,Bad,62,12,Yes,Yes
134,135,3.67,132,31,0,327,176.4,Medium,76,16,Yes,No
135,136,6.44,96,94,14,384,124.19999999999999,Medium,36,18,No,Yes
136,137,5.17,131,75,0,10,174.2,Bad,31,18,No,No
137,138,6.52,128,42,0,436,161.6,Medium,80,11,Yes,No
138,139,10.27,125,103,12,371,149.0,Medium,44,10,Yes,Yes
139,140,12.3,146,62,10,310,157.2,Medium,30,13,No,Yes
140,141,6.03,133,60,10,277,170.6,Medium,45,18,Yes,Yes
141,142,6.53,140,42,0,331,167.0,Bad,28,15,Yes,No
142,143,7.44,124,84,0,300,167.79999999999998,Medium,77,15,Yes,No
143,144,0.53,122,88,7,36,148.4,Bad,28,17,Yes,Yes
144,145,9.09,132,68,0,264,142.4,Good,34,11,No,No
145,146,8.77,144,63,11,27,188.79999999999998,Medium,47,17,Yes,Yes
146,147,3.9,114,83,0,412,121.79999999999998,Bad,39,14,Yes,No
147,148,10.51,140,54,9,402,178.0,Good,41,16,No,Yes
148,149,7.56,110,119,0,384,132.0,Medium,72,14,No,Yes
149,150,11.48,121,120,13,140,160.2,Medium,56,11,Yes,Yes
150,151,10.49,122,84,8,176,154.4,Good,57,10,No,Yes
151,152,10.77,111,58,17,407,151.2,Good,75,17,No,Yes
152,153,7.64,128,78,0,341,150.6,Good,45,13,No,No
153,154,5.93,150,36,7,488,161.0,Medium,25,17,No,Yes
154,155,6.89,129,69,10,289,151.79999999999998,Medium,50,16,No,Yes
155,156,7.71,98,72,0,59,118.6,Medium,65,16,Yes,No
156,157,7.49,146,34,0,220,190.2,Good,51,16,Yes,No
157,158,10.21,121,58,8,249,127.19999999999999,Medium,48,13,No,Yes
158,159,12.53,142,90,1,189,172.4,Good,39,10,No,Yes
159,160,9.32,119,60,0,372,160.79999999999998,Bad,30,18,No,No
160,161,4.67,111,28,0,486,137.2,Medium,29,12,No,No
161,162,2.93,143,21,5,81,175.6,Medium,67,12,No,Yes
162,163,3.63,122,74,0,424,129.4,Medium,51,13,Yes,No
163,164,5.68,130,64,0,40,146.0,Bad,39,17,No,No
164,165,8.22,148,64,0,58,194.6,Medium,27,13,No,Yes
165,166,0.37,147,58,7,100,179.4,Bad,27,15,Yes,Yes
166,167,6.71,119,67,17,151,140.79999999999998,Medium,55,11,Yes,Yes
167,168,6.71,106,73,0,216,114.19999999999999,Medium,60,13,Yes,No
168,169,7.3,129,89,0,425,146.79999999999998,Medium,45,10,Yes,No
169,170,11.48,104,41,15,492,119.8,Good,73,18,Yes,Yes
170,171,8.01,128,39,12,356,135.6,Medium,71,10,Yes,Yes
171,172,12.49,93,106,12,416,105.6,Medium,75,15,Yes,Yes
172,173,9.03,104,102,13,123,110.8,Good,35,16,Yes,Yes
173,174,6.38,135,91,5,207,146.0,Medium,66,18,Yes,Yes
174,175,0.0,139,24,0,358,167.79999999999998,Medium,79,15,No,No
175,176,7.54,115,89,0,38,156.0,Medium,25,12,Yes,No
176,177,5.61,138,107,9,480,173.6,Medium,47,11,No,Yes
177,178,10.48,138,72,0,148,184.6,Medium,27,17,Yes,Yes
178,179,10.66,104,71,14,89,117.8,Medium,25,14,No,Yes
179,180,7.78,144,25,3,70,190.79999999999998,Medium,77,18,Yes,Yes
180,181,4.94,137,112,15,434,175.4,Bad,66,13,Yes,Yes
181,182,7.43,121,83,0,79,129.2,Medium,68,11,Yes,No
182,183,4.74,137,60,4,230,166.4,Bad,25,13,Yes,No
183,184,5.32,118,74,6,426,130.6,Medium,80,18,Yes,Yes
184,185,9.95,132,33,7,35,140.4,Medium,60,11,No,Yes
185,186,10.07,130,100,11,449,164.0,Medium,64,10,Yes,Yes
186,187,8.68,120,51,0,93,134.0,Medium,46,17,No,No
187,188,6.03,117,32,0,142,141.4,Bad,62,17,Yes,No
188,189,8.07,116,37,0,426,147.2,Medium,76,15,Yes,No
189,190,12.11,118,117,18,509,126.6,Medium,26,15,No,Yes
190,191,8.79,130,37,13,297,156.0,Medium,37,13,No,Yes
191,192,6.67,156,42,13,170,180.2,Good,74,14,Yes,Yes
192,193,7.56,108,26,0,408,120.6,Medium,56,14,No,No
193,194,13.28,139,70,7,71,178.79999999999998,Good,61,10,Yes,Yes
194,195,7.23,112,98,18,481,136.4,Medium,45,11,Yes,Yes
195,196,4.19,117,93,4,420,158.4,Bad,66,11,Yes,Yes
196,197,4.1,130,28,6,410,157.0,Bad,72,16,Yes,Yes
197,198,2.52,124,61,0,333,129.79999999999998,Medium,76,16,Yes,No
198,199,3.62,112,80,5,500,115.4,Medium,69,10,Yes,Yes
199,200,6.42,122,88,5,335,154.4,Medium,64,14,Yes,Yes
200,201,5.56,144,92,0,349,183.79999999999998,Medium,62,12,No,No
201,202,5.94,138,83,0,139,151.6,Medium,54,18,Yes,No
202,203,4.1,121,78,4,413,160.2,Bad,46,10,No,Yes
203,204,2.05,131,82,0,132,140.2,Bad,25,14,Yes,No
204,205,8.74,155,80,0,237,177.0,Medium,37,14,Yes,No
205,206,5.68,113,22,1,317,134.6,Medium,28,12,Yes,No
206,207,4.97,162,67,0,27,182.4,Medium,77,17,Yes,Yes
207,208,8.19,111,105,0,466,134.2,Bad,61,10,No,No
208,209,7.78,86,54,0,497,115.2,Bad,33,12,Yes,No
209,210,3.02,98,21,11,326,129.6,Bad,76,11,No,Yes
210,211,4.36,125,41,2,357,145.0,Bad,47,14,No,Yes
211,212,9.39,117,118,14,445,121.4,Medium,32,15,Yes,Yes
212,213,12.04,145,69,19,501,170.0,Medium,45,11,Yes,Yes
213,214,8.23,149,84,5,220,176.79999999999998,Medium,33,10,Yes,Yes
214,215,4.83,115,115,3,48,135.0,Medium,73,18,Yes,Yes
215,216,2.34,116,83,15,170,155.2,Bad,71,11,Yes,Yes
216,217,5.73,141,33,0,243,172.2,Medium,34,17,Yes,No
217,218,4.34,106,44,0,481,146.2,Medium,70,14,No,No
218,219,9.7,138,61,12,156,156.6,Medium,25,14,Yes,Yes
219,220,10.62,116,79,19,359,150.2,Good,58,17,Yes,Yes
220,221,10.59,131,120,15,262,139.2,Medium,30,10,Yes,Yes
221,222,6.43,124,44,0,125,138.79999999999998,Medium,80,11,Yes,No
222,223,7.49,136,119,6,178,143.2,Medium,35,13,Yes,Yes
223,224,3.45,110,45,9,276,130.0,Medium,62,14,Yes,Yes
224,225,4.1,134,82,0,464,171.79999999999998,Medium,48,13,No,No
225,226,6.68,107,25,0,412,112.4,Bad,36,14,Yes,No
226,227,7.8,119,33,0,245,148.79999999999998,Good,56,14,Yes,No
227,228,8.69,113,64,10,68,154.6,Medium,57,16,Yes,Yes
228,229,5.4,149,73,13,381,164.79999999999998,Bad,26,11,No,Yes
229,230,11.19,98,104,0,404,99.6,Medium,27,18,No,No
230,231,5.16,115,60,0,119,157.0,Bad,38,14,No,No
231,232,8.09,132,69,0,123,145.4,Medium,27,11,No,No
232,233,13.14,137,80,10,24,149.4,Good,61,15,Yes,Yes
233,234,8.65,123,76,18,218,129.6,Medium,29,14,No,Yes
234,235,9.43,115,62,11,289,124.0,Good,56,16,No,Yes
235,236,5.53,126,32,8,95,171.2,Medium,50,17,Yes,Yes
236,237,9.32,141,34,16,361,179.2,Medium,69,10,Yes,Yes
237,238,9.62,151,28,8,499,165.2,Medium,48,10,Yes,Yes
238,239,7.36,121,24,0,200,128.2,Good,73,13,Yes,No
239,240,3.89,123,105,0,149,163.6,Bad,62,16,Yes,Yes
240,241,10.31,159,80,0,362,202.79999999999998,Medium,26,18,Yes,No
241,242,12.01,136,63,0,160,166.2,Medium,38,12,Yes,No
242,243,4.68,124,46,0,199,167.79999999999998,Medium,52,14,No,No
243,244,7.82,124,25,13,87,153.79999999999998,Medium,57,10,Yes,Yes
244,245,8.78,130,30,0,391,169.0,Medium,26,18,Yes,No
245,246,10.0,114,43,0,199,141.79999999999998,Good,57,10,No,Yes
246,247,6.9,120,56,20,266,141.0,Bad,78,18,Yes,Yes
247,248,5.04,123,114,0,298,161.6,Bad,34,16,Yes,No
248,249,5.36,111,52,0,12,152.2,Medium,61,11,Yes,Yes
249,250,5.05,125,67,0,86,148.0,Bad,65,11,Yes,No
250,251,9.16,137,105,10,435,152.4,Good,72,14,Yes,Yes
251,252,3.72,139,111,5,310,159.79999999999998,Bad,62,13,Yes,Yes
252,253,8.31,133,97,0,70,144.6,Medium,32,16,Yes,No
253,254,5.64,124,24,5,288,148.79999999999998,Medium,57,12,No,Yes
254,255,9.58,108,104,23,353,117.6,Good,37,17,Yes,Yes
255,256,7.71,123,81,8,198,153.6,Bad,80,15,Yes,Yes
256,257,4.2,147,40,0,277,190.4,Medium,73,10,Yes,No
257,258,8.67,125,62,14,477,135.0,Medium,80,13,Yes,Yes
258,259,3.47,108,38,0,251,115.6,Bad,72,14,No,No
259,260,5.12,123,36,10,467,149.6,Bad,74,11,No,Yes
260,261,7.67,129,117,8,400,152.79999999999998,Bad,36,10,Yes,Yes
261,262,5.71,121,42,4,188,154.2,Medium,54,15,Yes,Yes
262,263,6.37,120,77,15,86,149.0,Medium,48,18,Yes,Yes
263,264,7.77,116,26,6,434,156.2,Medium,25,17,Yes,Yes
264,265,6.95,128,29,5,324,149.6,Good,31,15,Yes,Yes
265,266,5.31,130,35,10,402,163.0,Bad,39,17,Yes,Yes
266,267,9.1,128,93,12,343,138.6,Good,73,17,No,Yes
267,268,5.83,134,82,7,473,172.79999999999998,Bad,51,12,No,Yes
268,269,6.53,123,57,0,66,129.6,Medium,39,11,Yes,No
269,270,5.01,159,69,0,438,185.79999999999998,Medium,46,17,Yes,No
270,271,11.99,119,26,0,284,143.79999999999998,Good,26,10,Yes,No
271,272,4.55,111,56,0,504,145.2,Medium,62,16,Yes,No
272,273,12.98,113,33,0,14,151.6,Good,38,12,Yes,No
273,274,10.04,116,106,8,244,150.2,Medium,58,12,Yes,Yes
274,275,7.22,135,93,2,67,152.0,Medium,34,11,Yes,Yes
275,276,6.67,107,119,11,210,129.4,Medium,53,11,Yes,Yes
276,277,6.93,135,69,14,296,173.0,Medium,73,15,Yes,Yes
277,278,7.8,136,48,12,326,175.2,Medium,36,16,Yes,Yes
278,279,7.22,114,113,2,129,149.79999999999998,Good,40,15,No,Yes
279,280,3.42,141,57,13,376,177.2,Medium,64,18,Yes,Yes
280,281,2.86,121,86,10,496,161.2,Bad,51,10,Yes,Yes
281,282,11.19,122,69,7,303,128.4,Good,45,16,No,Yes
282,283,7.74,150,96,0,80,174.0,Good,61,11,Yes,No
283,284,5.36,135,110,0,112,157.0,Medium,80,16,No,No
284,285,6.97,106,46,11,414,144.2,Bad,79,17,No,No
285,286,7.6,146,26,11,261,189.2,Medium,39,10,Yes,Yes
286,287,7.53,117,118,11,429,131.4,Medium,67,18,No,Yes
287,288,6.88,95,44,4,208,105.0,Bad,44,17,Yes,Yes
288,289,6.98,116,40,0,74,159.2,Medium,76,15,No,No
289,290,8.75,143,77,25,448,152.6,Medium,43,17,Yes,Yes
290,291,9.49,107,111,14,400,124.4,Medium,41,11,No,Yes
291,292,6.64,118,70,0,106,146.6,Bad,39,17,Yes,No
292,293,11.82,113,66,16,322,130.6,Good,76,15,Yes,Yes
293,294,11.28,123,84,0,74,135.6,Good,59,10,Yes,No
294,295,12.66,148,76,3,126,160.6,Good,60,11,Yes,Yes
295,296,4.21,118,35,14,502,121.6,Medium,79,10,No,Yes
296,297,8.21,127,44,13,160,166.4,Good,63,18,Yes,Yes
297,298,3.07,118,83,13,276,156.6,Bad,75,10,Yes,Yes
298,299,10.98,148,63,0,312,187.6,Good,63,15,Yes,No
299,300,9.4,135,40,17,497,177.0,Medium,54,17,No,Yes
300,301,8.57,116,78,1,158,139.2,Medium,45,11,Yes,Yes
301,302,7.41,99,93,0,198,108.8,Medium,57,16,Yes,Yes
302,303,5.28,108,77,13,388,127.6,Bad,74,14,Yes,Yes
303,304,10.01,133,52,16,290,164.6,Medium,43,11,Yes,Yes
304,305,11.93,123,98,12,408,130.6,Good,29,10,Yes,Yes
305,306,8.03,115,29,26,394,154.0,Medium,33,13,Yes,Yes
306,307,4.78,131,32,1,85,138.2,Medium,48,12,Yes,Yes
307,308,5.9,138,92,0,13,185.6,Bad,61,12,Yes,No
308,309,9.24,126,80,19,436,140.2,Medium,52,10,Yes,Yes
309,310,11.18,131,111,13,33,147.2,Bad,68,18,Yes,Yes
310,311,9.53,175,65,29,419,226.0,Medium,53,12,Yes,Yes
311,312,6.15,146,68,12,328,192.2,Bad,51,14,Yes,Yes
312,313,6.8,137,117,5,337,171.4,Bad,38,10,Yes,Yes
313,314,9.33,103,81,3,491,106.6,Medium,66,13,Yes,No
314,315,7.72,133,33,10,333,168.6,Good,71,14,Yes,Yes
315,316,6.39,131,21,8,220,138.2,Good,29,14,Yes,Yes
316,317,15.63,122,36,5,369,153.4,Good,35,10,Yes,Yes
317,318,6.41,142,30,0,472,188.4,Good,80,15,No,No
318,319,10.08,116,72,10,456,134.2,Good,41,14,No,Yes
319,320,6.97,127,45,19,459,163.4,Medium,57,11,No,Yes
320,321,5.86,136,70,12,171,163.2,Medium,44,18,Yes,Yes
321,322,7.52,123,39,5,499,127.6,Medium,34,15,Yes,No
322,323,9.16,140,50,10,300,171.0,Good,60,15,Yes,Yes
323,324,10.36,107,105,18,428,108.4,Medium,34,12,Yes,Yes
324,325,2.66,136,65,4,133,160.2,Bad,53,13,Yes,Yes
325,326,11.7,144,69,11,131,152.79999999999998,Medium,47,11,Yes,Yes
326,327,4.69,133,30,0,152,158.6,Medium,53,17,Yes,No
327,328,6.23,112,38,17,316,153.4,Medium,80,16,Yes,Yes
328,329,3.15,117,66,1,65,123.4,Bad,55,11,Yes,Yes
329,330,11.27,100,54,9,433,111.0,Good,45,12,Yes,Yes
330,331,4.99,122,59,0,501,149.4,Bad,32,14,No,No
331,332,10.1,135,63,15,213,145.0,Medium,32,10,Yes,Yes
332,333,5.74,106,33,20,354,141.2,Medium,61,12,Yes,Yes
333,334,5.87,136,60,7,303,157.2,Medium,41,10,Yes,Yes
334,335,7.63,93,117,9,489,99.6,Bad,42,13,Yes,Yes
335,336,6.18,120,70,15,464,140.0,Medium,72,15,Yes,Yes
336,337,5.17,138,35,6,60,179.6,Bad,28,18,Yes,No
337,338,8.61,130,38,0,283,146.0,Medium,80,15,Yes,No
338,339,5.97,112,24,0,164,116.4,Medium,45,11,Yes,No
339,340,11.54,134,44,4,219,176.79999999999998,Good,44,15,Yes,Yes
340,341,7.5,140,29,0,105,157.0,Bad,43,16,Yes,No
341,342,7.38,98,120,0,268,137.6,Medium,72,10,No,No
342,343,7.81,137,102,13,422,176.4,Medium,71,10,No,Yes
343,344,5.99,117,42,10,371,142.4,Bad,26,14,Yes,Yes
344,345,8.43,138,80,0,108,179.6,Good,70,13,No,Yes
345,346,4.81,121,68,0,279,125.19999999999999,Good,79,12,Yes,No
346,347,8.97,132,107,0,144,138.4,Medium,33,13,No,No
347,348,6.88,96,39,0,161,108.19999999999999,Good,27,14,No,No
348,349,12.57,132,102,20,459,144.4,Good,49,11,Yes,Yes
349,350,9.32,134,27,18,467,147.79999999999998,Medium,49,14,No,Yes
350,351,8.64,111,101,17,266,135.2,Medium,63,17,No,Yes
351,352,10.44,124,115,16,458,130.79999999999998,Medium,62,16,No,Yes
352,353,13.44,133,103,14,288,143.6,Good,61,17,Yes,Yes
353,354,9.45,107,67,12,430,142.4,Medium,35,12,No,Yes
354,355,5.3,133,31,1,80,160.6,Medium,42,18,Yes,Yes
355,356,7.02,130,100,0,306,167.0,Good,42,11,Yes,No
356,357,3.58,142,109,0,111,172.4,Good,72,12,Yes,No
357,358,13.36,103,73,3,276,105.6,Medium,34,15,Yes,Yes
358,359,4.17,123,96,10,71,149.6,Bad,69,11,Yes,Yes
359,360,3.13,130,62,11,396,151.0,Bad,66,14,Yes,Yes
360,361,8.77,118,86,7,265,148.6,Good,52,15,No,Yes
361,362,8.68,131,25,10,183,142.2,Medium,56,15,No,Yes
362,363,5.25,131,55,0,26,161.2,Bad,79,12,Yes,Yes
363,364,10.26,111,75,1,377,153.2,Good,25,12,Yes,No
364,365,10.5,122,21,16,488,144.4,Good,30,14,Yes,Yes
365,366,6.53,154,30,0,122,176.79999999999998,Medium,57,17,No,No
366,367,5.98,124,56,11,447,134.79999999999998,Medium,53,12,No,Yes
367,368,14.37,95,106,0,256,101.0,Good,52,17,Yes,No
368,369,10.71,109,22,10,348,110.79999999999998,Good,74,14,No,Yes
369,370,10.26,135,100,22,463,163.0,Medium,36,14,Yes,Yes
370,371,7.68,126,41,22,403,158.2,Bad,42,12,Yes,Yes
371,372,9.08,152,81,0,191,190.4,Medium,54,16,Yes,No
372,373,7.8,121,50,0,508,136.2,Medium,65,11,No,No
373,374,5.58,137,71,0,402,176.4,Medium,78,17,Yes,No
374,375,9.44,131,47,7,90,137.2,Medium,47,12,Yes,Yes
375,376,7.9,132,46,4,206,141.4,Medium,73,11,Yes,No
376,377,16.27,141,60,19,319,184.2,Good,44,11,Yes,Yes
377,378,6.81,132,61,0,263,177.4,Medium,41,12,No,No
378,379,6.11,133,88,3,105,179.6,Medium,79,12,Yes,Yes
379,380,5.81,125,111,0,404,158.0,Bad,54,15,Yes,No
380,381,9.64,106,64,10,17,114.19999999999999,Medium,68,17,Yes,Yes
381,382,3.9,124,65,21,496,138.79999999999998,Bad,77,13,Yes,Yes
382,383,4.95,121,28,19,315,133.2,Medium,66,14,Yes,Yes
383,384,9.35,98,117,0,76,128.6,Medium,63,10,Yes,No
384,385,12.85,123,37,15,348,151.6,Good,28,12,Yes,Yes
385,386,5.87,131,73,13,455,175.2,Medium,62,17,Yes,Yes
386,387,5.32,152,116,0,170,176.4,Medium,39,16,Yes,No
387,388,8.67,142,73,14,238,176.4,Medium,73,14,No,Yes
388,389,8.14,135,89,11,245,166.0,Bad,79,16,Yes,Yes
389,390,8.44,128,42,8,328,171.6,Medium,35,12,Yes,Yes
390,391,5.47,108,75,9,61,118.6,Medium,67,12,Yes,Yes
391,392,6.1,153,63,0,49,198.6,Bad,56,16,Yes,No
392,393,4.53,129,42,13,315,167.79999999999998,Bad,34,13,Yes,Yes
393,394,5.57,109,51,10,26,137.79999999999998,Medium,30,17,No,Yes
394,395,5.35,130,58,19,366,137.0,Bad,33,16,Yes,Yes
395,396,12.57,138,108,17,203,183.6,Good,33,14,Yes,Yes
396,397,6.14,139,23,3,37,170.79999999999998,Medium,55,11,No,Yes
397,398,7.41,162,26,12,368,211.4,Medium,40,18,Yes,Yes
398,399,5.94,100,79,7,284,106.0,Bad,50,12,Yes,Yes
399,400,9.71,134,37,0,27,167.79999999999998,Good,49,16,Yes,Yes
